<?xml version="1.0" encoding="UTF-8"?>
<project-private xmlns="http://www.netbeans.org/ns/project-private/1">
    <editor-bookmarks xmlns="http://www.netbeans.org/ns/editor-bookmarks/2" lastBookmarkId="0"/>
    <open-files xmlns="http://www.netbeans.org/ns/projectui-open-files/2">
        <group>
            <file>file:/C:/Users/win%2010/Documents/NetBeansProjects/SportsManagemnetSystem/web/register.jsp</file>
            <file>file:/C:/Users/win%2010/Documents/NetBeansProjects/SportsManagemnetSystem/web/viewregisteredusers.jsp</file>
            <file>file:/C:/Users/win%2010/Documents/NetBeansProjects/SportsManagemnetSystem/web/welcomeuser.jsp</file>
            <file>file:/C:/Users/win%2010/Documents/NetBeansProjects/SportsManagemnetSystem/web/login.jsp</file>
            <file>file:/C:/Users/win%2010/Documents/NetBeansProjects/SportsManagemnetSystem/web/error.html</file>
            <file>file:/C:/Users/win%2010/Documents/NetBeansProjects/SportsManagemnetSystem/src/java/Login.java</file>
            <file>file:/C:/Users/win%2010/Documents/NetBeansProjects/SportsManagemnetSystem/web/competitions.jsp</file>
            <file>file:/C:/Users/win%2010/Documents/NetBeansProjects/SportsManagemnetSystem/web/playerregistration.jsp</file>
            <file>file:/C:/Users/win%2010/Documents/NetBeansProjects/SportsManagemnetSystem/web/index.html</file>
            <file>file:/C:/Users/win%2010/Documents/NetBeansProjects/SportsManagemnetSystem/src/java/util/SqlUtil.java</file>
            <file>file:/C:/Users/win%2010/Documents/NetBeansProjects/SportsManagemnetSystem/web/viewregisteredplayer.jsp</file>
            <file>file:/C:/Users/win%2010/Documents/NetBeansProjects/SportsManagemnetSystem/web/feedcompetitions.jsp</file>
            <file>file:/C:/Users/win%2010/Documents/NetBeansProjects/SportsManagemnetSystem/src/java/Logout.java</file>
        </group>
    </open-files>
</project-private>
